_id,date,user_count
1,2017-01-19,8698
2,2017-01-20,8147
3,2017-01-21,8359
4,2017-01-22,7484
5,2017-01-23,10204
6,2017-01-24,9492
7,2017-01-25,9464
8,2017-01-26,8881
9,2017-01-27,9077
10,2017-01-28,8891
11,2017-01-29,7616
12,2017-01-30,10490
13,2017-01-31,9796
14,2017-02-01,9956
15,2017-02-02,8444
16,2017-02-03,8001
17,2017-02-04,8982
18,2017-02-05,6742
19,2017-02-06,10291
20,2017-02-07,9070
21,2017-02-08,9928
22,2017-02-09,6043
23,2017-02-10,8428
24,2017-02-11,8339
25,2017-02-12,7803
26,2017-02-13,7402
27,2017-02-14,9730
28,2017-02-15,10224
29,2017-02-16,8876
30,2017-02-17,8167
31,2017-02-18,10340
32,2017-02-19,7321
33,2017-02-20,7390
34,2017-02-21,10740
35,2017-02-22,10327
36,2017-02-23,8070
37,2017-02-24,7617
38,2017-02-25,8083
39,2017-02-26,6455
40,2017-02-27,8434
41,2017-02-28,8592
42,2017-03-01,8450
43,2017-03-02,7315
44,2017-03-03,7003
45,2017-03-04,7133
46,2017-03-05,5913
47,2017-03-06,8768
48,2017-03-07,8223
49,2017-03-08,8424
50,2017-03-09,6957
51,2017-03-10,6002
52,2017-03-11,7623
53,2017-03-12,5649
54,2017-03-13,8617
55,2017-03-14,5164
56,2017-03-15,7908
57,2017-03-16,6755
58,2017-03-17,7187
59,2017-03-18,6823
60,2017-03-19,5527
61,2017-03-20,8346
62,2017-03-21,7915
63,2017-03-22,7781
64,2017-03-23,6478
65,2017-03-24,6947
66,2017-03-25,6731
67,2017-03-26,5507
68,2017-03-27,8112
69,2017-03-28,7872
70,2017-03-29,8061
71,2017-03-30,6684
72,2017-03-31,6804
73,2017-04-01,5963
74,2017-04-02,5389
75,2017-04-03,8315
76,2017-04-04,7358
77,2017-04-05,8064
78,2017-04-06,5828
79,2017-04-07,7393
80,2017-04-08,6814
81,2017-04-09,4989
82,2017-04-10,7655
83,2017-04-11,7192
84,2017-04-12,7523
85,2017-04-13,6000
86,2017-04-14,5208
87,2017-04-15,7483
88,2017-04-16,4080
89,2017-04-17,4849
90,2017-04-18,8014
91,2017-04-19,7763
92,2017-04-20,6538
93,2017-04-21,6466
94,2017-04-22,6492
95,2017-04-23,5250
96,2017-04-24,8063
97,2017-04-25,7389
98,2017-04-26,7825
99,2017-04-27,6388
100,2017-04-28,7020
101,2017-04-29,6400
102,2017-04-30,4947
103,2017-05-01,8280
104,2017-05-02,7492
105,2017-05-03,7497
106,2017-05-04,5984
107,2017-05-05,5765
108,2017-05-06,7073
109,2017-05-08,6384
110,2017-05-09,7414
111,2017-05-10,7662
112,2017-05-11,6405
113,2017-05-12,7125
114,2017-05-13,5685
115,2017-05-14,4821
116,2017-05-15,7847
117,2017-05-16,7200
118,2017-05-17,7103
119,2017-05-18,5844
120,2017-05-19,6648
121,2017-05-20,6198
122,2017-05-21,4726
123,2017-05-22,7994
124,2017-05-23,7763
125,2017-05-24,7964
126,2017-05-25,5892
127,2017-05-26,5180
128,2017-05-29,624
129,2017-05-30,7735
130,2017-05-31,8525
131,2017-06-01,6985
132,2017-06-02,7145
133,2017-06-03,6823
134,2017-06-04,5170
135,2017-06-05,8386
136,2017-06-06,7729
137,2017-06-07,7948
138,2017-06-08,6468
139,2017-06-09,6985
140,2017-06-10,6225
141,2017-06-11,4971
142,2017-06-12,7763
143,2017-06-13,7651
144,2017-06-14,7620
145,2017-06-15,6107
146,2017-06-16,5910
147,2017-06-17,6911
148,2017-06-18,4442
149,2017-06-19,7636
150,2017-06-20,7831
151,2017-06-21,7777
152,2017-06-22,6883
153,2017-06-23,7176
154,2017-06-24,6424
155,2017-06-25,4960
156,2017-06-26,8549
157,2017-06-27,8864
158,2017-06-28,9538
159,2017-06-29,8625
160,2017-06-30,9159
161,2017-07-01,6292
162,2017-07-02,7540
163,2017-07-03,8714
164,2017-07-04,5685
165,2017-07-05,9944
166,2017-07-06,8409
167,2017-07-07,8534
168,2017-07-08,8266
169,2017-07-09,6895
170,2017-07-10,10198
171,2017-07-11,9651
172,2017-07-12,9455
173,2017-07-13,8439
174,2017-07-14,9105
175,2017-07-15,7616
176,2017-07-16,6903
177,2017-07-17,10131
178,2017-07-18,9628
179,2017-07-19,9145
180,2017-07-20,8035
181,2017-07-21,8529
182,2017-07-22,6505
183,2017-07-23,7289
184,2017-07-24,9611
185,2017-07-25,9833
186,2017-07-26,9713
187,2017-07-27,8258
188,2017-07-28,8809
189,2017-07-29,8260
190,2017-07-30,6939
191,2017-07-31,10257
192,2017-08-01,9570
193,2017-08-02,9416
194,2017-08-03,8242
195,2017-08-04,8991
196,2017-08-05,8363
197,2017-08-06,6774
198,2017-08-07,10150
199,2017-08-08,9865
200,2017-08-09,9455
201,2017-08-10,8251
202,2017-08-11,8671
203,2017-08-12,7619
204,2017-08-13,6895
205,2017-08-14,10218
206,2017-08-15,9366
207,2017-08-16,9277
208,2017-08-17,8029
209,2017-08-18,8880
210,2017-08-19,7729
211,2017-08-20,6530
212,2017-08-21,9818
213,2017-08-22,9333
214,2017-08-23,9380
215,2017-08-24,8031
216,2017-08-25,9008
217,2017-08-26,7950
218,2017-08-27,6824
219,2017-08-28,10289
220,2017-08-29,9748
221,2017-08-30,9273
222,2017-08-31,7849
223,2017-09-01,7224
224,2017-09-02,9285
225,2017-09-03,6202
226,2017-09-04,6863
227,2017-09-05,10147
228,2017-09-06,9655
229,2017-09-07,8134
230,2017-09-08,8689
231,2017-09-09,8643
232,2017-09-10,6818
233,2017-09-11,9994
234,2017-09-12,9534
235,2017-09-13,9442
236,2017-09-14,7987
237,2017-09-15,8760
238,2017-09-16,8254
239,2017-09-17,7018
240,2017-09-18,10014
241,2017-09-19,9511
242,2017-09-20,8962
243,2017-09-21,8317
244,2017-09-22,7533
245,2017-09-23,8971
246,2017-09-24,6870
247,2017-09-25,10014
248,2017-09-26,9684
249,2017-09-27,9715
250,2017-09-28,8319
251,2017-09-29,8674
252,2017-09-30,7999
253,2017-10-01,5915
254,2017-10-02,9954
255,2017-10-03,9194
256,2017-10-04,9494
257,2017-10-05,9483
258,2017-10-06,7591
259,2017-10-07,9689
260,2017-10-08,6618
261,2017-10-09,7190
262,2017-10-10,10082
263,2017-10-11,9491
264,2017-10-12,8064
265,2017-10-13,7828
266,2017-10-14,8649
267,2017-10-15,6468
268,2017-10-16,10158
269,2017-10-17,9398
270,2017-10-18,9396
271,2017-10-19,8009
272,2017-10-20,8707
273,2017-10-21,8100
274,2017-10-22,6843
275,2017-10-23,9910
276,2017-10-24,9575
277,2017-10-25,9432
278,2017-10-26,8053
279,2017-10-27,7360
280,2017-10-28,8715
281,2017-10-29,6863
282,2017-10-30,9781
283,2017-10-31,8653
284,2017-11-01,9322
285,2017-11-02,8091
286,2017-11-03,8515
287,2017-11-04,8323
288,2017-11-05,7060
289,2017-11-06,9989
290,2017-11-07,9562
291,2017-11-08,7747
292,2017-11-09,8335
293,2017-11-10,9342
294,2017-11-11,5842
295,2017-11-12,6723
296,2017-11-13,9768
297,2017-11-14,9587
298,2017-11-15,9296
299,2017-11-16,7855
300,2017-11-17,8331
301,2017-11-18,8374
302,2017-11-19,6806
303,2017-11-20,8173
304,2017-11-21,10544
305,2017-11-22,8054
306,2017-11-23,3423
307,2017-11-24,7579
308,2017-11-25,7887
309,2017-11-26,7298
310,2017-11-27,9660
311,2017-11-28,9738
312,2017-11-29,8050
313,2017-11-30,8493
314,2017-12-01,8912
315,2017-12-02,8171
316,2017-12-03,6882
317,2017-12-04,9232
318,2017-12-05,9279
319,2017-12-06,9441
320,2017-12-07,7748
321,2017-12-08,8033
322,2017-12-09,7667
323,2017-12-10,6534
324,2017-12-11,8154
325,2017-12-12,9013
326,2017-12-13,8414
327,2017-12-14,7395
328,2017-12-15,8135
329,2017-12-16,7790
330,2017-12-17,6509
331,2017-12-18,9125
332,2017-12-19,8963
333,2017-12-20,8567
334,2017-12-21,7088
335,2017-12-22,6672
336,2017-12-23,8315
337,2017-12-24,4767
338,2017-12-25,4921
339,2017-12-26,8402
340,2017-12-27,8372
341,2017-12-28,7498
342,2017-12-29,6758
343,2017-12-30,9006
344,2017-12-31,5633
345,2018-01-01,5106
346,2018-01-02,9673
347,2018-01-03,9704
348,2018-01-04,5883
349,2018-01-05,7777
350,2018-01-06,8436
351,2018-01-07,7618
352,2018-01-08,9599
353,2018-01-09,9601
354,2018-01-10,9230
355,2018-01-11,8046
356,2018-01-12,7213
357,2018-01-13,8752
358,2018-01-14,6549
359,2018-01-15,6413
360,2018-01-16,9624
361,2018-01-17,8951
362,2018-01-18,8190
363,2018-01-19,7351
364,2018-01-20,8809
365,2018-01-21,6988
366,2018-01-22,8934
367,2018-01-23,8694
368,2018-01-24,9616
369,2018-01-25,8079
370,2018-01-26,8393
371,2018-01-27,8351
372,2018-01-28,6378
373,2018-01-29,10158
374,2018-01-30,9211
375,2018-01-31,9589
376,2018-02-01,8417
377,2018-02-02,7489
378,2018-02-03,8248
379,2018-02-04,6177
380,2018-02-05,9765
381,2018-02-06,9484
382,2018-02-07,9183
383,2018-02-08,8126
384,2018-02-09,8129
385,2018-02-10,8177
386,2018-02-11,7252
387,2018-02-12,9472
388,2018-02-13,9174
389,2018-02-14,8958
390,2018-02-15,8204
391,2018-02-16,7419
392,2018-02-17,9287
393,2018-02-18,6633
394,2018-02-19,6982
395,2018-02-20,10193
396,2018-02-21,9837
397,2018-02-22,8201
398,2018-02-23,8177
399,2018-02-24,8895
400,2018-02-25,7145
401,2018-02-26,10225
402,2018-02-27,9895
403,2018-02-28,9904
404,2018-03-01,8483
405,2018-03-02,7495
406,2018-03-03,8426
407,2018-03-04,7065
408,2018-03-05,9979
409,2018-03-06,9744
410,2018-03-07,9510
411,2018-03-08,7440
412,2018-03-09,7798
413,2018-03-10,8890
414,2018-03-11,7053
415,2018-03-12,10257
416,2018-03-13,6585
417,2018-03-14,9085
418,2018-03-15,8209
419,2018-03-16,8625
420,2018-03-17,8102
421,2018-03-18,7005
422,2018-03-19,10017
423,2018-03-20,9287
424,2018-03-21,9822
425,2018-03-22,7972
426,2018-03-23,8872
427,2018-03-24,8069
428,2018-03-25,7052
429,2018-03-26,9807
430,2018-03-27,9381
431,2018-03-28,9424
432,2018-03-29,7810
433,2018-03-30,8636
434,2018-03-31,7230
435,2018-04-01,5448
436,2018-04-02,9960
437,2018-04-03,9515
438,2018-04-04,9598
439,2018-04-05,8297
440,2018-04-06,8350
441,2018-04-07,8470
442,2018-04-08,7188
443,2018-04-09,9859
444,2018-04-10,9258
445,2018-04-11,9419
446,2018-04-12,7775
447,2018-04-13,7267
448,2018-04-14,9319
449,2018-04-15,6242
450,2018-04-16,6572
451,2018-04-17,9902
452,2018-04-18,9661
453,2018-04-19,7860
454,2018-04-20,8412
455,2018-04-21,7653
456,2018-04-22,6547
457,2018-04-23,9725
458,2018-04-24,9288
459,2018-04-25,9330
460,2018-04-26,8012
461,2018-04-27,8537
462,2018-04-28,7956
463,2018-04-29,6892
464,2018-04-30,9800
465,2018-05-01,9197
466,2018-05-02,8769
467,2018-05-03,7472
468,2018-05-04,7204
469,2018-05-05,7812
470,2018-05-06,6832
471,2018-05-07,9622
472,2018-05-08,8894
473,2018-05-09,8560
474,2018-05-10,7819
475,2018-05-11,8120
476,2018-05-12,7489
477,2018-05-13,6118
478,2018-05-14,9552
479,2018-05-15,8689
480,2018-05-16,9347
481,2018-05-17,7999
482,2018-05-18,8264
483,2018-05-19,7306
484,2018-05-20,6540
485,2018-05-21,9676
486,2018-05-22,9338
487,2018-05-23,8933
488,2018-05-24,7818
489,2018-05-25,7267
490,2018-05-26,8348
491,2018-05-27,5804
492,2018-05-28,6684
493,2018-05-29,9825
494,2018-05-30,9741
495,2018-05-31,8200
496,2018-06-01,8626
497,2018-06-02,7921
498,2018-06-03,6857
499,2018-06-04,9826
500,2018-06-05,9558
501,2018-06-06,9443
502,2018-06-07,8255
503,2018-06-08,8243
504,2018-06-09,7485
505,2018-06-10,6716
506,2018-06-11,9973
507,2018-06-12,9844
508,2018-06-13,9530
509,2018-06-14,8135
510,2018-06-15,7719
511,2018-06-16,7905
512,2018-06-17,6519
513,2018-06-18,9761
514,2018-06-19,9748
515,2018-06-20,9441
516,2018-06-21,8541
517,2018-06-22,8841
518,2018-06-23,8028
519,2018-06-24,7226
520,2018-06-25,10377
521,2018-06-26,9736
522,2018-06-27,9945
523,2018-06-28,8702
524,2018-06-29,9120
525,2018-06-30,7778
526,2018-07-01,5672
527,2018-07-02,11263
528,2018-07-03,9085
529,2018-07-04,5679
530,2018-07-05,8581
531,2018-07-06,8819
532,2018-07-07,7925
533,2018-07-08,6869
534,2018-07-09,10490
535,2018-07-10,9875
536,2018-07-11,9741
537,2018-07-12,8510
538,2018-07-13,8805
539,2018-07-14,8047
540,2018-07-15,7217
541,2018-07-16,10419
542,2018-07-17,9378
543,2018-07-18,9691
544,2018-07-19,8445
545,2018-07-20,9023
546,2018-07-21,7955
547,2018-07-22,6607
548,2018-07-23,10984
549,2018-07-24,9984
550,2018-07-25,9591
551,2018-07-26,8671
552,2018-07-27,9054
553,2018-07-28,8319
554,2018-07-29,5917
555,2018-07-30,10566
556,2018-07-31,10103
557,2018-08-01,9803
558,2018-08-02,8411
559,2018-08-03,9201
560,2018-08-04,8029
561,2018-08-05,7295
562,2018-08-06,10239
563,2018-08-07,9744
564,2018-08-08,9677
565,2018-08-09,8396
566,2018-08-10,8962
567,2018-08-11,8217
568,2018-08-12,7026
569,2018-08-13,10585
570,2018-08-14,9840
571,2018-08-15,9494
572,2018-08-16,8420
573,2018-08-17,9210
574,2018-08-18,8429
575,2018-08-19,7138
576,2018-08-20,10566
577,2018-08-21,9668
578,2018-08-22,9688
579,2018-08-23,8882
580,2018-08-24,8782
581,2018-08-25,7774
582,2018-08-26,7294
583,2018-08-27,10574
584,2018-08-28,9787
585,2018-08-29,9472
586,2018-08-30,8172
587,2018-08-31,7798
588,2018-09-01,9491
589,2018-09-02,5947
590,2018-09-03,7051
591,2018-09-04,10482
592,2018-09-05,9926
593,2018-09-06,8379
594,2018-09-07,8666
595,2018-09-08,8503
596,2018-09-09,7070
597,2018-09-10,10082
598,2018-09-11,9933
599,2018-09-12,9621
600,2018-09-13,8364
601,2018-09-14,8579
602,2018-09-15,7997
603,2018-09-16,6985
604,2018-09-17,10079
605,2018-09-18,9488
606,2018-09-19,9982
607,2018-09-20,8284
608,2018-09-21,7966
609,2018-09-22,8668
610,2018-09-23,5776
611,2018-09-24,10164
612,2018-09-25,9321
613,2018-09-26,9741
614,2018-09-27,7968
615,2018-09-28,8593
616,2018-09-29,7954
617,2018-09-30,6847
618,2018-10-01,10597
619,2018-10-02,9980
620,2018-10-03,9837
621,2018-10-04,8447
622,2018-10-05,7574
623,2018-10-06,8991
624,2018-10-07,6691
625,2018-10-08,7207
626,2018-10-09,10187
627,2018-10-10,9764
628,2018-10-11,8179
629,2018-10-12,8174
630,2018-10-13,8335
631,2018-10-14,6733
632,2018-10-15,9899
633,2018-10-16,9487
634,2018-10-17,9638
635,2018-10-18,8064
636,2018-10-19,8198
637,2018-10-20,7590
638,2018-10-21,6923
639,2018-10-22,9780
640,2018-10-23,9138
641,2018-10-24,9297
642,2018-10-25,7829
643,2018-10-26,7466
644,2018-10-27,7755
645,2018-10-28,7019
646,2018-10-29,9631
647,2018-10-30,9393
648,2018-10-31,8604
649,2018-11-01,8083
650,2018-11-02,8844
651,2018-11-03,7990
652,2018-11-04,7117
653,2018-11-05,9828
654,2018-11-06,8915
655,2018-11-07,9599
656,2018-11-08,7978
657,2018-11-09,7596
658,2018-11-10,9326
659,2018-11-11,6168
660,2018-11-12,6986
661,2018-11-13,9731
662,2018-11-14,9304
663,2018-11-15,7978
664,2018-11-16,7838
665,2018-11-17,8322
666,2018-11-18,6811
667,2018-11-19,8419
668,2018-11-20,10178
669,2018-11-21,8561
670,2018-11-22,3492
671,2018-11-23,7336
672,2018-11-24,7778
673,2018-11-25,7618
674,2018-11-26,9675
675,2018-11-27,9930
676,2018-11-28,9703
677,2018-11-29,8260
678,2018-11-30,7955
679,2018-12-01,8463
680,2018-12-02,6852
681,2018-12-03,9637
682,2018-12-04,9268
683,2018-12-05,8981
684,2018-12-06,7708
685,2018-12-07,8274
686,2018-12-08,7597
687,2018-12-09,6644
688,2018-12-10,8359
689,2018-12-11,9084
690,2018-12-12,8932
691,2018-12-13,7485
692,2018-12-14,8146
693,2018-12-15,7693
694,2018-12-16,6870
695,2018-12-17,9531
696,2018-12-18,9028
697,2018-12-19,8899
698,2018-12-20,7662
699,2018-12-21,7575
700,2018-12-22,6344
701,2018-12-23,6944
702,2018-12-24,6409
703,2018-12-25,4889
704,2018-12-26,8879
705,2018-12-27,8029
706,2018-12-28,8233
707,2018-12-29,6978
708,2018-12-30,8043
709,2018-12-31,7879
710,2019-01-02,12076
711,2019-01-03,9567
712,2019-01-04,9603
713,2019-01-05,8504
714,2019-01-06,7766
715,2019-01-07,10240
716,2019-01-08,9711
717,2019-01-09,10026
718,2019-01-10,8465
719,2019-01-11,8522
720,2019-01-12,7569
721,2019-01-13,7370
722,2019-01-14,9798
723,2019-01-15,9591
724,2019-01-16,9846
725,2019-01-17,8471
726,2019-01-18,7796
727,2019-01-19,8529
728,2019-01-20,7136
729,2019-01-21,7072
730,2019-01-22,9387
731,2019-01-23,9870
732,2019-01-24,8112
733,2019-01-25,9362
734,2019-01-26,8967
735,2019-01-27,7683
736,2019-01-28,10233
737,2019-01-29,9953
738,2019-01-30,9820
739,2019-01-31,8180
740,2019-02-01,8591
741,2019-02-02,8436
742,2019-02-03,6529
743,2019-02-04,10084
744,2019-02-05,9352
745,2019-02-06,10053
746,2019-02-07,8438
747,2019-02-08,7975
748,2019-02-09,8355
749,2019-02-10,7394
750,2019-02-11,10003
751,2019-02-12,9375
752,2019-02-13,9697
753,2019-02-14,8130
754,2019-02-15,8094
755,2019-02-16,9905
756,2019-02-17,7111
757,2019-02-18,7046
758,2019-02-19,10194
759,2019-02-20,9909
760,2019-02-21,8399
761,2019-02-22,8735
762,2019-02-23,8779
763,2019-02-24,7735
764,2019-02-25,10094
765,2019-02-26,10098
766,2019-02-27,9968
767,2019-02-28,8209
768,2019-03-01,9025
769,2019-03-02,8607
770,2019-03-03,7456
771,2019-03-04,7769
772,2019-03-05,11024
773,2019-03-06,10618
774,2019-03-07,9263
775,2019-03-08,8662
776,2019-03-09,9911
777,2019-03-10,7786
778,2019-03-11,11024
779,2019-03-12,10420
780,2019-03-13,10272
781,2019-03-14,9463
782,2019-03-15,9048
783,2019-03-16,8837
784,2019-03-17,7774
785,2019-03-18,10790
786,2019-03-19,10951
787,2019-03-20,10475
788,2019-03-21,9209
789,2019-03-22,8730
790,2019-03-23,9087
791,2019-03-24,7673
792,2019-03-25,10956
793,2019-03-26,10598
794,2019-03-27,10714
795,2019-03-28,9049
796,2019-03-29,9492
797,2019-03-30,9029
798,2019-03-31,8094
799,2019-04-01,11109
800,2019-04-02,10604
801,2019-04-03,10690
802,2019-04-04,9062
803,2019-04-05,9210
804,2019-04-06,8559
805,2019-04-07,7568
806,2019-04-08,10436
807,2019-04-09,10184
808,2019-04-10,10303
809,2019-04-11,8618
810,2019-04-12,8220
811,2019-04-13,9441
812,2019-04-14,5592
813,2019-04-15,7533
814,2019-04-16,10950
815,2019-04-17,10078
816,2019-04-18,8423
817,2019-04-19,8915
818,2019-04-20,8432
819,2019-04-21,6528
820,2019-04-22,10406
821,2019-04-23,10444
822,2019-04-24,10215
823,2019-04-25,8870
824,2019-04-26,8746
825,2019-04-27,8885
826,2019-04-28,7646
827,2019-04-29,10515
828,2019-04-30,10414
829,2019-05-01,10178
830,2019-05-02,8794
831,2019-05-03,8240
832,2019-05-04,8993
833,2019-05-05,7603
834,2019-05-06,10246
835,2019-05-07,10101
836,2019-05-08,9906
837,2019-05-09,8664
838,2019-05-10,9025
839,2019-05-11,8072
840,2019-05-12,6997
841,2019-05-13,10558
842,2019-05-14,10155
843,2019-05-15,10243
844,2019-05-16,8965
845,2019-05-17,9006
846,2019-05-18,7995
847,2019-05-19,7171
848,2019-05-20,10620
849,2019-05-21,10411
850,2019-05-22,10325
851,2019-05-23,8949
852,2019-05-24,7370
853,2019-05-27,884
854,2019-05-28,10431
855,2019-05-29,10695
856,2019-05-30,9104
857,2019-05-31,9044
858,2019-06-01,8728
859,2019-06-02,7814
860,2019-06-03,10527
861,2019-06-04,9838
862,2019-06-05,10066
863,2019-06-06,8922
864,2019-06-07,8869
865,2019-06-08,8050
866,2019-06-09,6947
867,2019-06-10,10557
868,2019-06-11,10267
869,2019-06-12,9734
870,2019-06-13,8915
871,2019-06-14,8473
872,2019-06-15,8537
873,2019-06-16,7449
874,2019-06-17,10423
875,2019-06-19,10354
876,2019-06-20,9346
877,2019-06-21,9556
878,2019-06-22,8404
879,2019-06-23,7450
880,2019-06-24,10807
881,2019-06-25,10635
882,2019-06-26,10605
883,2019-06-27,9189
884,2019-06-28,9230
885,2019-06-29,8706
886,2019-06-30,7965
887,2019-07-01,9951
888,2019-07-02,11223
889,2019-07-03,9931
890,2019-07-04,4973
891,2019-07-05,8696
892,2019-07-06,8722
893,2019-07-07,8154
894,2019-07-08,11143
895,2019-07-09,10817
896,2019-07-10,10386
897,2019-07-11,9171
898,2019-07-12,9667
899,2019-07-13,9038
900,2019-07-14,7927
901,2019-07-15,11033
902,2019-07-16,10520
903,2019-07-17,10220
904,2019-07-18,9347
905,2019-07-19,9469
906,2019-07-20,8687
907,2019-07-21,8125
908,2019-07-22,10267
909,2019-07-23,10868
910,2019-07-24,10354
911,2019-07-25,9303
912,2019-07-26,9916
913,2019-07-27,8540
914,2019-07-28,8116
915,2019-07-29,11242
916,2019-07-30,10802
917,2019-07-31,10267
918,2019-08-01,9705
919,2019-08-02,9609
920,2019-08-03,8977
921,2019-08-04,7897
922,2019-08-05,11162
923,2019-08-06,10550
924,2019-08-07,10403
925,2019-08-08,9329
926,2019-08-09,9728
927,2019-08-10,9029
928,2019-08-11,7992
929,2019-08-12,10952
930,2019-08-13,10798
931,2019-08-14,10432
932,2019-08-15,9536
933,2019-08-16,9625
934,2019-08-17,8822
935,2019-08-18,7871
936,2019-08-19,11134
937,2019-08-20,10832
938,2019-08-21,10412
939,2019-08-22,9363
940,2019-08-23,9521
941,2019-08-24,8636
942,2019-08-25,7987
943,2019-08-26,11095
944,2019-08-27,10584
945,2019-08-28,10325
946,2019-08-29,8910
947,2019-08-30,8456
948,2019-08-31,9758
949,2019-09-01,6844
950,2019-09-02,8017
951,2019-09-03,11145
952,2019-09-04,10750
953,2019-09-05,9394
954,2019-09-06,9694
955,2019-09-07,9425
956,2019-09-08,7819
957,2019-09-09,11004
958,2019-09-10,10731
959,2019-09-11,10291
960,2019-09-12,9351
961,2019-09-13,9453
962,2019-09-14,9147
963,2019-09-15,7700
964,2019-09-16,10953
965,2019-09-17,10307
966,2019-09-18,10297
967,2019-09-19,8893
968,2019-09-20,8224
969,2019-09-21,9298
970,2019-09-22,7920
971,2019-09-23,10915
972,2019-09-24,10783
973,2019-09-25,10736
974,2019-09-26,8947
975,2019-09-27,9512
976,2019-09-28,8849
977,2019-09-29,7701
978,2019-09-30,11017
979,2019-10-01,10485
980,2019-10-02,10232
981,2019-10-03,9394
982,2019-10-04,9558
983,2019-10-05,8466
984,2019-10-06,7824
985,2019-10-07,10842
986,2019-10-08,10619
987,2019-10-09,10325
988,2019-10-10,9230
989,2019-10-11,7995
990,2019-10-12,9920
991,2019-10-13,7206
992,2019-10-14,7631
993,2019-10-15,10906
994,2019-10-16,10906
995,2019-10-17,9222
996,2019-10-18,9405
997,2019-10-19,8816
998,2019-10-20,7729
999,2019-10-21,10918
1000,2019-10-22,10345
1001,2019-10-23,10294
1002,2019-10-24,9191
1003,2019-10-25,9333
1004,2019-10-26,8818
1005,2019-10-27,7897
1006,2019-10-28,10889
1007,2019-10-29,10274
1008,2019-10-30,10712
1009,2019-10-31,62272
1010,2019-11-01,8778
1011,2019-11-02,9114
1012,2019-11-03,8260
1013,2019-11-04,10817
1014,2019-11-05,10511
1015,2019-11-06,10503
1016,2019-11-07,9245
1017,2019-11-08,8586
1018,2019-11-09,10173
1019,2019-11-10,7699
1020,2019-11-11,8054
1021,2019-11-12,10669
1022,2019-11-13,10092
1023,2019-11-14,9119
1024,2019-11-15,7934
1025,2019-11-16,9284
1026,2019-11-17,7853
1027,2019-11-18,10297
1028,2019-11-19,10024
1029,2019-11-20,10199
1030,2019-11-21,9238
1031,2019-11-22,8949
1032,2019-11-23,8842
1033,2019-11-24,7867
1034,2019-11-25,9393
1035,2019-11-26,10885
1036,2019-11-27,9149
1037,2019-11-28,4252
1038,2019-11-29,6954
1039,2019-11-30,8809
1040,2019-12-01,7947
1041,2019-12-02,9822
1042,2019-12-03,9161
1043,2019-12-04,10348
1044,2019-12-05,8822
1045,2019-12-06,9023
1046,2019-12-07,8489
1047,2019-12-08,7664
1048,2019-12-09,9994
1049,2019-12-10,9828
1050,2019-12-11,9985
1051,2019-12-12,8291
1052,2019-12-13,9007
1053,2019-12-14,8311
1054,2019-12-15,7564
1055,2019-12-16,9360
1056,2019-12-17,9568
1057,2019-12-18,9668
1058,2019-12-19,8394
1059,2019-12-20,8565
1060,2019-12-21,8107
1061,2019-12-22,6059
1062,2019-12-23,10191
1063,2019-12-24,7106
1064,2019-12-25,5584
1065,2019-12-26,8279
1066,2019-12-27,9100
1067,2019-12-28,9352
1068,2019-12-29,7015
1069,2019-12-30,11289
1070,2019-12-31,9092
1071,2020-01-01,8099
1072,2020-01-02,14079
1073,2020-01-03,10680
1074,2020-01-04,9669
1075,2020-01-05,8446
1076,2020-01-06,11047
1077,2020-01-07,10801
1078,2020-01-08,10446
1079,2020-01-09,9312
1080,2020-01-10,10011
1081,2020-01-11,9076
1082,2020-01-12,7565
1083,2020-01-13,10989
1084,2020-01-14,10680
1085,2020-01-15,10661
1086,2020-01-16,9483
1087,2020-01-17,8646
1088,2020-01-18,9926
1089,2020-01-19,7127
1090,2020-01-20,8670
1091,2020-01-21,11171
1092,2020-01-22,10749
1093,2020-01-23,9957
1094,2020-01-24,10051
1095,2020-01-25,9690
1096,2020-01-26,8711
1097,2020-01-27,11543
1098,2020-01-28,11275
1099,2020-01-29,11348
1100,2020-01-30,9944
1101,2020-01-31,10010
1102,2020-02-01,9785
1103,2020-02-02,8169
1104,2020-02-03,11259
1105,2020-02-04,10836
1106,2020-02-05,10889
1107,2020-02-06,9538
1108,2020-02-07,8703
1109,2020-02-08,9923
1110,2020-02-09,8361
1111,2020-02-10,11326
1112,2020-02-11,10991
1113,2020-02-12,11112
1114,2020-02-13,9498
1115,2020-02-14,8402
1116,2020-02-15,10456
1117,2020-02-16,8300
1118,2020-02-17,8440
1119,2020-02-18,11518
1120,2020-02-19,11278
1121,2020-02-20,9858
1122,2020-02-21,9648
1123,2020-02-22,9897
1124,2020-02-23,8833
1125,2020-02-24,11489
1126,2020-02-25,11474
1127,2020-02-26,11252
1128,2020-02-27,9610
1129,2020-02-28,9558
1130,2020-02-29,9605
1131,2020-03-01,8862
1132,2020-03-02,11153
1133,2020-03-03,10851
1134,2020-03-04,11442
1135,2020-03-05,10095
1136,2020-03-06,9883
1137,2020-03-07,10470
1138,2020-03-08,8964
1139,2020-03-09,11650
1140,2020-03-10,10951
1141,2020-03-11,11213
1142,2020-03-12,10044
1143,2020-03-13,10497
1144,2020-03-14,10874
1145,2020-03-15,9560
1146,2020-03-16,12873
1147,2020-03-17,9385
1148,2020-03-18,8090
1149,2020-03-19,7982
1150,2020-03-20,7224
1151,2020-03-21,9821
1152,2020-03-22,8615
1153,2020-03-23,9765
1154,2020-03-24,9600
1155,2020-03-25,9611
1156,2020-03-26,9489
1157,2020-03-27,9134
1158,2020-03-28,9812
1159,2020-03-29,9222
1160,2020-03-30,9854
1161,2020-03-31,10269
1162,2020-04-01,11367
1163,2020-04-02,8416
1164,2020-04-03,8245
1165,2020-04-04,8246
1166,2020-04-05,8570
1167,2020-04-06,8026
1168,2020-04-07,8293
1169,2020-04-08,8012
1170,2020-04-09,8381
1171,2020-04-10,8127
1172,2020-04-11,8155
1173,2020-04-12,8015
1174,2020-04-13,9039
1175,2020-04-14,8486
1176,2020-04-15,8214
1177,2020-04-16,8282
1178,2020-04-17,7177
1179,2020-04-18,10178
1180,2020-04-19,8821
1181,2020-04-20,8801
1182,2020-04-21,9274
1183,2020-04-22,8925
1184,2020-04-23,8586
1185,2020-04-24,8468
1186,2020-04-25,8204
1187,2020-04-26,9156
1188,2020-04-27,9458
1189,2020-04-28,9188
1190,2020-04-29,8624
1191,2020-04-30,8961
1192,2020-05-01,8772
1193,2020-05-02,8619
1194,2020-05-03,8754
1195,2020-05-04,9188
1196,2020-05-05,9353
1197,2020-05-06,8853
1198,2020-05-07,8547
1199,2020-05-08,8430
1200,2020-05-09,8936
1201,2020-05-10,8512
1202,2020-05-11,9322
1203,2020-05-12,9303
1204,2020-05-13,8669
1205,2020-05-14,8426
1206,2020-05-15,8219
1207,2020-05-16,8260
1208,2020-05-17,9263
1209,2020-05-18,9123
1210,2020-05-19,9266
1211,2020-05-20,8694
1212,2020-05-21,8389
1213,2020-05-22,8556
1214,2020-05-23,8919
1215,2020-05-24,8535
1216,2020-05-25,9557
1217,2020-05-26,9443
1218,2020-05-27,8902
1219,2020-05-28,9081
1220,2020-05-29,8478
1221,2020-05-30,8612
1222,2020-05-31,9014
1223,2020-06-01,9395
1224,2020-06-02,10051
1225,2020-06-03,9640
1226,2020-06-04,8766
1227,2020-06-05,8885
1228,2020-06-06,9330
1229,2020-06-07,9433
1230,2020-06-08,9729
1231,2020-06-09,9570
1232,2020-06-10,9453
1233,2020-06-11,9257
1234,2020-06-12,8828
1235,2020-06-13,8471
1236,2020-06-14,9518
1237,2020-06-15,9815
1238,2020-06-16,10086
1239,2020-06-17,9537
1240,2020-06-18,9447
1241,2020-06-19,9183
1242,2020-06-20,9028
1243,2020-06-21,9208
1244,2020-06-22,10616
1245,2020-06-23,10203
1246,2020-06-24,10094
1247,2020-06-25,9873
1248,2020-06-26,9274
1249,2020-06-27,9426
1250,2020-06-28,10025
1251,2020-06-29,10548
1252,2020-06-30,10763
1253,2020-07-01,10206
1254,2020-07-02,9909
1255,2020-07-03,9222
1256,2020-07-04,8261
1257,2020-07-05,9872
1258,2020-07-06,11077
1259,2020-07-07,10532
1260,2020-07-08,10215
1261,2020-07-09,9515
1262,2020-07-10,9775
1263,2020-07-11,9293
1264,2020-07-12,9875
1265,2020-07-13,10980
1266,2020-07-14,10561
1267,2020-07-15,10170
1268,2020-07-16,9896
1269,2020-07-17,9839
1270,2020-07-18,9174
1271,2020-07-19,9820
1272,2020-07-20,10818
1273,2020-07-21,10297
1274,2020-07-22,9999
1275,2020-07-23,9000
1276,2020-07-24,10166
1277,2020-07-25,9124
1278,2020-07-26,10212
1279,2020-07-27,10960
1280,2020-07-28,10669
1281,2020-07-29,10233
1282,2020-07-30,9751
1283,2020-07-31,9869
1284,2020-08-01,9582
1285,2020-08-02,10347
1286,2020-08-03,11141
1287,2020-08-04,10882
1288,2020-08-05,10418
1289,2020-08-06,9769
1290,2020-08-07,9845
1291,2020-08-08,9393
1292,2020-08-09,10256
1293,2020-08-10,11020
1294,2020-08-11,10855
1295,2020-08-12,10452
1296,2020-08-13,9867
1297,2020-08-14,9938
1298,2020-08-15,9518
1299,2020-08-16,10467
1300,2020-08-17,11224
1301,2020-08-18,10437
1302,2020-08-19,10105
1303,2020-08-20,9709
1304,2020-08-21,9703
1305,2020-08-22,9721
1306,2020-08-23,10522
1307,2020-08-24,11241
1308,2020-08-25,12276
1309,2020-08-26,10360
1310,2020-08-27,9972
1311,2020-08-28,9810
1312,2020-08-29,26174
1313,2020-08-30,9955
1314,2020-08-31,11194
1315,2020-09-01,11659
1316,2020-09-02,10690
1317,2020-09-03,9872
1318,2020-09-04,9190
1319,2020-09-05,10700
1320,2020-09-06,9474
1321,2020-09-07,10466
1322,2020-09-08,11250
1323,2020-09-09,10979
1324,2020-09-10,10340
1325,2020-09-11,9953
1326,2020-09-12,10399
1327,2020-09-13,9989
1328,2020-09-14,10941
1329,2020-09-15,10815
1330,2020-09-16,9799
1331,2020-09-17,9558
1332,2020-09-18,9800
1333,2020-09-19,21823
1334,2020-09-20,9876
1335,2020-09-21,10935
1336,2020-09-22,10967
1337,2020-09-23,9807
1338,2020-09-24,9546
1339,2020-09-25,9441
1340,2020-09-26,9510
1341,2020-09-27,9490
1342,2020-09-28,11050
1343,2020-09-29,10638
1344,2020-09-30,9924
1345,2020-10-01,9800
1346,2020-10-02,9637
1347,2020-10-03,8694
1348,2020-10-04,9332
1349,2020-10-05,10892
1350,2020-10-06,10565
1351,2020-10-07,9706
1352,2020-10-08,9272
1353,2020-10-09,8723
1354,2020-10-10,19430
1355,2020-10-11,9268
1356,2020-10-12,10174
1357,2020-10-13,10920
1358,2020-10-14,9778
1359,2020-10-15,9332
1360,2020-10-16,9728
1361,2020-10-17,9316
1362,2020-10-18,9610
1363,2020-10-19,10726
1364,2020-10-20,10738
1365,2020-10-21,9600
1366,2020-10-22,9234
1367,2020-10-23,9446
1368,2020-10-24,8897
1369,2020-10-25,9708
1370,2020-10-26,10850
1371,2020-10-27,10571
1372,2020-10-28,9812
1373,2020-10-29,9304
1374,2020-10-30,8627
1375,2020-10-31,14594
1376,2020-11-01,10519
1377,2020-11-02,10938
1378,2020-11-03,9310
1379,2020-11-04,8853
1380,2020-11-05,8705
1381,2020-11-06,9273
1382,2020-11-07,8154
1383,2020-11-08,8545
1384,2020-11-09,11536
1385,2020-11-10,10318
1386,2020-11-11,9180
1387,2020-11-12,9842
1388,2020-11-13,10065
1389,2020-11-14,9426
1390,2020-11-15,9926
1391,2020-11-16,10584
1392,2020-11-17,10642
1393,2020-11-18,9772
1394,2020-11-19,9343
1395,2020-11-20,9396
1396,2020-11-21,10795
1397,2020-11-22,9672
1398,2020-11-23,9893
1399,2020-11-24,10689
1400,2020-11-25,8980
1401,2020-11-26,6643
1402,2020-11-27,9476
1403,2020-11-28,9551
1404,2020-11-29,9462
1405,2020-11-30,11249
1406,2020-12-01,11612
1407,2020-12-02,10047
1408,2020-12-03,9217
1409,2020-12-04,9797
1410,2020-12-05,10024
1411,2020-12-06,9864
1412,2020-12-07,10585
1413,2020-12-08,10568
1414,2020-12-09,9480
1415,2020-12-10,8851
1416,2020-12-11,9251
1417,2020-12-12,9385
1418,2020-12-13,9646
1419,2020-12-14,9842
1420,2020-12-15,10330
1421,2020-12-16,9313
1422,2020-12-17,8526
1423,2020-12-18,9369
1424,2020-12-19,9270
1425,2020-12-20,9428
1426,2020-12-21,10405
1427,2020-12-22,9506
1428,2020-12-23,9716
1429,2020-12-24,7550
1430,2020-12-25,7991
1431,2020-12-26,10001
1432,2020-12-27,10599
1433,2020-12-28,11409
1434,2020-12-29,10620
1435,2020-12-30,11082
1436,2020-12-31,8971
1437,2021-01-01,10374
1438,2021-01-02,11208
1439,2021-01-03,11595
1440,2021-01-04,11830
1441,2021-01-05,11709
1442,2021-01-06,9447
1443,2021-01-07,9608
1444,2021-01-08,9947
1445,2021-01-09,10310
1446,2021-01-10,10616
1447,2021-01-11,11486
1448,2021-01-12,10620
1449,2021-01-13,10645
1450,2021-01-14,10052
1451,2021-01-15,9675
1452,2021-01-16,11229
1453,2021-01-17,10500
1454,2021-01-18,11103
1455,2021-01-19,10750
1456,2021-01-20,9935
1457,2021-01-21,10238
1458,2021-01-22,10265
1459,2021-01-23,10377
1460,2021-01-24,11037
1461,2021-01-25,11381
1462,2021-01-26,11315
1463,2021-01-27,10488
1464,2021-01-28,10363
1465,2021-01-29,10528
1466,2021-01-30,10756
1467,2021-01-31,11051
1468,2021-02-01,11620
1469,2021-02-02,11515
1470,2021-02-03,11319
1471,2021-02-04,10428
1472,2021-02-05,9922
1473,2021-02-06,10439
1474,2021-02-07,10260
1475,2021-02-08,11665
1476,2021-02-09,10736
1477,2021-02-10,10626
1478,2021-02-11,10033
1479,2021-02-12,9174
1480,2021-02-13,10526
1481,2021-02-14,9738
1482,2021-02-15,10888
1483,2021-02-16,11453
1484,2021-02-17,10204
1485,2021-02-18,10102
1486,2021-02-19,10063
1487,2021-02-20,10143
1488,2021-02-21,10700
1489,2021-02-22,11786
1490,2021-02-23,11071
1491,2021-02-24,10509
1492,2021-02-25,9903
1493,2021-02-26,9811
1494,2021-02-27,10512
1495,2021-02-28,10905
1496,2021-03-01,11936
1497,2021-03-02,11065
1498,2021-03-03,10769
1499,2021-03-04,10211
1500,2021-03-05,9419
1501,2021-03-06,11733
1502,2021-03-07,10709
1503,2021-03-08,11220
1504,2021-03-09,8977
1505,2021-03-10,10692
1506,2021-03-11,9771
1507,2021-03-12,10018
1508,2021-03-13,9948
1509,2021-03-14,10372
1510,2021-03-15,11083
1511,2021-03-16,11180
1512,2021-03-17,9912
1513,2021-03-18,9936
1514,2021-03-19,9830
1515,2021-03-20,9203
1516,2021-03-21,10204
1517,2021-03-22,11416
1518,2021-03-23,10616
1519,2021-03-24,10659
1520,2021-03-25,10001
1521,2021-03-26,9754
1522,2021-03-27,8573
1523,2021-03-28,11482
1524,2021-03-29,11411
1525,2021-03-30,10965
1526,2021-03-31,10216
1527,2021-04-01,10348
1528,2021-04-02,9940
1529,2021-04-03,9303
1530,2021-04-04,9505
1531,2021-04-05,11526
1532,2021-04-06,10970
1533,2021-04-07,10382
1534,2021-04-08,9771
1535,2021-04-09,9531
1536,2021-04-10,9316
1537,2021-04-11,10643
1538,2021-04-12,11387
1539,2021-04-13,10846
1540,2021-04-14,10350
1541,2021-04-15,9953
1542,2021-04-16,9426
1543,2021-04-17,10291
1544,2021-04-18,9986
1545,2021-04-19,9976
1546,2021-04-20,10416
1547,2021-04-21,9965
1548,2021-04-22,10002
1549,2021-04-23,9760
1550,2021-04-24,9136
1551,2021-04-25,10647
1552,2021-04-26,11216
1553,2021-04-27,10800
1554,2021-04-28,10516
1555,2021-04-29,9905
1556,2021-04-30,9984
1557,2021-05-01,9392
1558,2021-05-02,10153
1559,2021-05-03,11598
1560,2021-05-04,11371
1561,2021-05-05,10597
1562,2021-05-06,9669
1563,2021-05-07,9207
1564,2021-05-08,9872
1565,2021-05-09,9496
1566,2021-05-10,11499
1567,2021-05-11,11059
1568,2021-05-12,10416
1569,2021-05-13,9641
1570,2021-05-14,9331
1571,2021-05-15,8901
1572,2021-05-16,9906
1573,2021-05-17,11195
1574,2021-05-18,10603
1575,2021-05-19,10068
1576,2021-05-20,9607
1577,2021-05-21,9867
1578,2021-05-22,8835
1579,2021-05-23,9588
1580,2021-05-24,11207
1581,2021-05-25,10711
1582,2021-05-26,10152
1583,2021-05-27,9720
1584,2021-05-28,9338
1585,2021-05-29,9832
1586,2021-05-30,9817
1587,2021-05-31,10565
1588,2021-06-01,11630
1589,2021-06-02,10599
1590,2021-06-03,10212
1591,2021-06-04,10154
1592,2021-06-05,9158
1593,2021-06-06,9941
1594,2021-06-07,11325
1595,2021-06-08,10760
1596,2021-06-09,10136
1597,2021-06-10,9795
1598,2021-06-11,9912
1599,2021-06-12,9494
1600,2021-06-13,9849
1601,2021-06-14,12043
1602,2021-06-15,11126
1603,2021-06-16,10123
1604,2021-06-17,9710
1605,2021-06-18,9823
1606,2021-06-19,9153
1607,2021-06-20,9522
1608,2021-06-21,10246
1609,2021-06-22,11452
1610,2021-06-23,10385
1611,2021-06-24,10128
1612,2021-06-25,10769
1613,2021-06-26,9727
1614,2021-06-27,9902
1615,2021-06-28,11704
1616,2021-06-29,11571
1617,2021-06-30,10702
1618,2021-07-01,10771
1619,2021-07-02,10168
1620,2021-07-03,10586
1621,2021-07-04,8925
1622,2021-07-05,10384
1623,2021-07-06,12781
1624,2021-07-07,10875
1625,2021-07-08,10847
1626,2021-07-09,9990
1627,2021-07-10,9724
1628,2021-07-11,9902
1629,2021-07-12,12643
1630,2021-07-13,11880
1631,2021-07-14,11057
1632,2021-07-15,9940
1633,2021-07-16,191635
1634,2021-07-17,9670
1635,2021-07-18,10479
1636,2021-07-19,12230
1637,2021-07-20,11537
1638,2021-07-21,10986
1639,2021-07-22,9819
1640,2021-07-23,9565
1641,2021-07-24,9664
1642,2021-07-25,10339
1643,2021-07-26,11858
1644,2021-07-27,11061
1645,2021-07-28,10393
1646,2021-07-29,10299
1647,2021-07-30,10413
1648,2021-07-31,9721
1649,2021-08-01,10432
1650,2021-08-02,12112
1651,2021-08-03,11913
1652,2021-08-04,10966
1653,2021-08-05,10387
1654,2021-08-06,10897
1655,2021-08-07,9429
1656,2021-08-08,10305
1657,2021-08-09,12332
1658,2021-08-10,11589
1659,2021-08-11,10782
1660,2021-08-12,10129
1661,2021-08-13,10464
1662,2021-08-14,10084
1663,2021-08-15,10205
1664,2021-08-16,12035
1665,2021-08-17,11883
1666,2021-08-18,11206
1667,2021-08-19,10347
1668,2021-08-20,10552
1669,2021-08-21,9813
1670,2021-08-22,11586
1671,2021-08-31,3328
1672,2021-09-01,17819
1673,2021-09-02,10979
1674,2021-09-03,10676
1675,2021-09-04,10716
1676,2021-09-05,9845
1677,2021-09-06,10615
1678,2021-09-07,12011
1679,2021-09-08,10425
1680,2021-09-09,9725
1681,2021-09-10,9969
1682,2021-09-11,7920
1683,2021-09-12,8686
1684,2021-09-13,11003
1685,2021-09-14,10032
1686,2021-09-15,10910
1687,2021-09-16,10630
1688,2021-09-17,9787
1689,2021-09-18,10246
1690,2021-09-19,9432
1691,2021-09-20,11668
1692,2021-09-21,11374
1693,2021-09-22,10795
1694,2021-09-23,10421
1695,2021-09-24,9671
1696,2021-09-25,9448
1697,2021-09-26,9654
1698,2021-09-27,12077
1699,2021-09-28,11704
1700,2021-09-29,11055
1701,2021-09-30,9901
1702,2021-10-01,10706
1703,2021-10-02,8805
1704,2021-10-03,9986
1705,2021-10-04,12071
1706,2021-10-05,11493
1707,2021-10-06,10691
1708,2021-10-07,10426
1709,2021-10-08,9993
1710,2021-10-09,10101
1711,2021-10-10,9144
1712,2021-10-11,10064
1713,2021-10-12,11944
1714,2021-10-13,11042
1715,2021-10-14,10467
1716,2021-10-15,10448
1717,2021-10-16,9076
1718,2021-10-17,9653
1719,2021-10-18,12025
1720,2021-10-19,11534
1721,2021-10-20,11082
1722,2021-10-21,10229
1723,2021-10-22,10485
1724,2021-10-23,8552
1725,2021-10-24,9534
1726,2021-10-25,12154
1727,2021-10-26,12078
1728,2021-10-27,10257
1729,2021-10-28,10378
1730,2021-10-29,9586
1731,2021-10-30,9588
1732,2021-10-31,9226
1733,2021-11-01,12248
1734,2021-11-02,11313
1735,2021-11-03,10885
1736,2021-11-04,10249
1737,2021-11-05,10746
1738,2021-11-06,9096
1739,2021-11-07,9944
1740,2021-11-08,11084
1741,2021-11-09,12369
1742,2021-11-10,10743
1743,2021-11-11,8322
1744,2021-11-12,10542
1745,2021-11-13,9265
1746,2021-11-14,9604
1747,2021-11-15,12172
1748,2021-11-16,11613
1749,2021-11-17,10896
1750,2021-11-18,9809
1751,2021-11-19,10147
1752,2021-11-20,9251
1753,2021-11-21,9670
1754,2021-11-22,10785
1755,2021-11-23,11949
1756,2021-11-24,9569
1757,2021-11-25,6064
1758,2021-11-26,9995
1759,2021-11-27,9513
1760,2021-11-28,10016
1761,2021-11-29,11080
1762,2021-11-30,11888
1763,2021-12-01,10841
1764,2021-12-02,9884
1765,2021-12-03,10342
1766,2021-12-04,9364
1767,2021-12-05,9404
1768,2021-12-06,11640
1769,2021-12-07,11355
1770,2021-12-08,10253
1771,2021-12-09,10002
1772,2021-12-10,10212
1773,2021-12-11,9328
1774,2021-12-12,9700
1775,2021-12-13,10796
1776,2021-12-14,11231
1777,2021-12-15,10434
1778,2021-12-16,9778
1779,2021-12-17,10212
1780,2021-12-18,9305
1781,2021-12-19,9550
1782,2021-12-20,11124
1783,2021-12-21,10618
1784,2021-12-22,10120
1785,2021-12-23,9518
1786,2021-12-24,8828
1787,2021-12-25,7876
1788,2021-12-26,9906
1789,2021-12-27,12381
1790,2021-12-28,11889
1791,2021-12-29,11024
1792,2021-12-30,10649
1793,2021-12-31,10470
1794,2022-01-01,10588
1795,2022-01-02,11479
1796,2022-01-03,13556
1797,2022-01-04,12855
1798,2022-01-05,11948
1799,2022-01-06,11008
1800,2022-01-07,10352
1801,2022-01-08,10857
1802,2022-01-09,11017
1803,2022-01-10,13177
1804,2022-01-11,11041
1805,2022-01-12,11712
1806,2022-01-13,10958
1807,2022-01-14,10593
1808,2022-01-15,11725
1809,2022-01-16,10386
1810,2022-01-17,11305
1811,2022-01-18,12879
1812,2022-01-19,11540
1813,2022-01-20,11618
1814,2022-01-21,11693
1815,2022-01-22,10337
1816,2022-01-23,10918
1817,2022-01-24,12940
1818,2022-01-25,12321
1819,2022-01-26,12292
1820,2022-01-27,11214
1821,2022-01-28,11813
1822,2022-01-29,10220
1823,2022-01-30,10672
1824,2022-01-31,12563
1825,2022-02-01,12343
1826,2022-02-02,11985
1827,2022-02-03,11037
1828,2022-02-04,10155
1829,2022-02-05,10771
1830,2022-02-06,10758
1831,2022-02-07,12744
1832,2022-02-08,12381
1833,2022-02-09,11657
1834,2022-02-10,11035
1835,2022-02-11,11849
1836,2022-02-12,10005
1837,2022-02-13,10175
1838,2022-02-14,11907
1839,2022-02-15,12205
1840,2022-02-16,11543
1841,2022-02-17,11041
1842,2022-02-18,10474
1843,2022-02-19,10818
1844,2022-02-20,10317
1845,2022-02-21,10751
1846,2022-02-22,13236
1847,2022-02-23,11939
1848,2022-02-24,10631
1849,2022-02-25,10086
1850,2022-02-26,10547
1851,2022-02-27,10889
1852,2022-02-28,13042
1853,2022-03-01,12956
1854,2022-03-02,12355
1855,2022-03-03,10939
1856,2022-03-04,11152
1857,2022-03-05,10872
1858,2022-03-06,10864
1859,2022-03-07,12905
1860,2022-03-08,12338
1861,2022-03-09,11417
1862,2022-03-10,10954
1863,2022-03-11,10408
1864,2022-03-12,11256
1865,2022-03-13,10565
1866,2022-03-14,12745
1867,2022-03-15,11476
1868,2022-03-16,11364
1869,2022-03-17,10428
1870,2022-03-18,10823
1871,2022-03-19,10406
1872,2022-03-20,10459
1873,2022-03-21,12879
1874,2022-03-22,12452
1875,2022-03-23,11989
1876,2022-03-24,10873
1877,2022-03-25,11367
1878,2022-03-26,10822
1879,2022-03-27,8663
1880,2022-03-28,12828
1881,2022-03-29,12682
1882,2022-03-30,12066
1883,2022-03-31,11387
1884,2022-04-01,10853
1885,2022-04-02,10647
1886,2022-04-03,10785
1887,2022-04-04,12697
1888,2022-04-05,12160
1889,2022-04-06,11765
1890,2022-04-07,10815
1891,2022-04-08,11194
1892,2022-04-09,10824
1893,2022-04-10,10487
1894,2022-04-11,12530
1895,2022-04-12,12416
1896,2022-04-13,12186
1897,2022-04-14,11444
1898,2022-04-15,9980
1899,2022-04-16,10970
1900,2022-04-17,9491
1901,2022-04-18,10239
1902,2022-04-19,12588
1903,2022-04-20,11724
1904,2022-04-21,10721
1905,2022-04-22,10730
1906,2022-04-23,10546
1907,2022-04-24,10770
1908,2022-04-25,13044
1909,2022-04-26,12613
1910,2022-04-27,12069
1911,2022-04-28,10942
1912,2022-04-29,10932
1913,2022-04-30,10423
1914,2022-05-01,10360
1915,2022-05-02,12696
1916,2022-05-03,12205
1917,2022-05-04,11946
1918,2022-05-05,10612
1919,2022-05-06,10432
1920,2022-05-07,10862
1921,2022-05-08,10195
1922,2022-05-09,12676
1923,2022-05-10,12385
1924,2022-05-11,11793
1925,2022-05-12,10914
1926,2022-05-13,11059
1927,2022-05-14,9841
1928,2022-05-15,10190
1929,2022-05-16,12559
1930,2022-05-17,12269
1931,2022-05-18,11755
1932,2022-05-19,10779
1933,2022-05-20,11093
1934,2022-05-21,10030
1935,2022-05-22,10418
1936,2022-05-23,12684
1937,2022-05-24,12141
1938,2022-05-25,11643
1939,2022-05-26,10808
1940,2022-05-27,14364
1941,2022-05-28,11154
1942,2022-05-29,9369
1943,2022-05-30,10635
1944,2022-05-31,13320
1945,2022-06-01,12596
1946,2022-06-02,11462
1947,2022-06-03,11635
1948,2022-06-04,10381
1949,2022-06-05,10824
1950,2022-06-06,12846
1951,2022-06-07,12399
1952,2022-06-08,11955
1953,2022-06-09,11498
1954,2022-06-10,11174
1955,2022-06-11,10547
1956,2022-06-12,10888
1957,2022-06-13,12925
1958,2022-06-14,12522
1959,2022-06-15,11887
1960,2022-06-16,10953
1961,2022-06-17,10801
1962,2022-06-18,10959
1963,2022-06-19,10175
1964,2022-06-20,11569
1965,2022-06-21,13414
1966,2022-06-22,12541
1967,2022-06-23,11888
1968,2022-06-24,11596
1969,2022-06-25,10855
1970,2022-06-26,11198
1971,2022-06-27,13121
1972,2022-06-28,12862
1973,2022-06-29,13316
1974,2022-06-30,11483
1975,2022-07-01,11465
1976,2022-07-02,12478
1977,2022-07-03,9766
1978,2022-07-04,10623
1979,2022-07-05,14268
1980,2022-07-06,13233
1981,2022-07-07,12152
1982,2022-07-08,11519
1983,2022-07-09,11584
1984,2022-07-10,12032
1985,2022-07-11,13733
1986,2022-07-12,12989
1987,2022-07-13,12977
1988,2022-07-14,11932
1989,2022-07-15,12162
1990,2022-07-16,11771
1991,2022-07-17,11430
1992,2022-07-18,13902
1993,2022-07-19,13404
1994,2022-07-20,12642
1995,2022-07-21,11713
1996,2022-07-22,11328
1997,2022-07-23,11754
1998,2022-07-24,11714
1999,2022-07-25,14142
2000,2022-07-26,13718
2001,2022-07-27,13381
2002,2022-07-28,12016
2003,2022-07-29,12155
2004,2022-07-30,11903
2005,2022-07-31,12091
2006,2022-08-01,14713
2007,2022-08-02,13760
2008,2022-08-03,13119
2009,2022-08-04,11741
2010,2022-08-05,12681
2011,2022-08-06,12079
2012,2022-08-07,12177
2013,2022-08-08,13965
2014,2022-08-09,13615
2015,2022-08-10,13159
2016,2022-08-11,12097
2017,2022-08-12,12018
2018,2022-08-13,11762
2019,2022-08-14,11938
2020,2022-08-15,14120
2021,2022-08-16,13772
2022,2022-08-17,13103
2023,2022-08-18,12010
2024,2022-08-19,12692
2025,2022-08-20,11558
2026,2022-08-21,12566
2027,2022-08-22,14123
2028,2022-08-23,13689
2029,2022-08-24,13571
2030,2022-08-25,12253
2031,2022-08-26,12526
2032,2022-08-27,11725
2033,2022-08-28,12165
2034,2022-08-29,14093
2035,2022-08-30,13734
2036,2022-08-31,13326
2037,2022-09-01,11909
2038,2022-09-02,11371
2039,2022-09-03,12558
2040,2022-09-04,11077
2041,2022-09-05,13103
2042,2022-09-06,14516
2043,2022-09-07,13867
2044,2022-09-08,12341
2045,2022-09-09,12730
2046,2022-09-10,11908
2047,2022-09-11,12048
2048,2022-09-12,14012
2049,2022-09-13,13565
2050,2022-09-14,13319
2051,2022-09-15,12167
2052,2022-09-16,12287
2053,2022-09-17,11582
2054,2022-09-18,12009
2055,2022-09-19,14137
2056,2022-09-20,14395
2057,2022-09-21,13827
2058,2022-09-22,12058
2059,2022-09-23,10061
2060,2022-09-24,12135
2061,2022-09-25,12161
2062,2022-09-26,14510
2063,2022-09-27,13778
2064,2022-09-28,13314
2065,2022-09-29,12093
2066,2022-09-30,12319
2067,2022-10-01,11805
2068,2022-10-02,12003
2069,2022-10-03,14204
2070,2022-10-04,12936
2071,2022-10-05,13991
2072,2022-10-06,12236
2073,2022-10-07,11278
2074,2022-10-08,12641
2075,2022-10-09,11057
2076,2022-10-10,11903
2077,2022-10-11,13627
2078,2022-10-12,12938
2079,2022-10-13,12338
2080,2022-10-14,12450
2081,2022-10-15,11500
2082,2022-10-16,11878
2083,2022-10-17,13382
2084,2022-10-18,14085
2085,2022-10-19,13674
2086,2022-10-20,11954
2087,2022-10-21,12323
2088,2022-10-22,11053
2089,2022-10-23,12138
2090,2022-10-24,14170
2091,2022-10-25,13754
2092,2022-10-26,13482
2093,2022-10-27,12040
2094,2022-10-28,11242
2095,2022-10-29,11856
2096,2022-10-30,11416
2097,2022-10-31,12813
2098,2022-11-01,13427
2099,2022-11-02,13411
2100,2022-11-03,11686
2101,2022-11-04,12535
2102,2022-11-05,12007
2103,2022-11-06,12490
2104,2022-11-07,15331
2105,2022-11-08,12881
2106,2022-11-09,13801
2107,2022-11-10,12259
2108,2022-11-11,10767
2109,2022-11-12,12231
2110,2022-11-13,12345
2111,2022-11-14,14221
2112,2022-11-15,13420
2113,2022-11-16,13229
2114,2022-11-17,12088
2115,2022-11-18,12108
2116,2022-11-19,11802
2117,2022-11-20,11966
2118,2022-11-21,12699
2119,2022-11-22,14363
2120,2022-11-23,11978
2121,2022-11-24,7338
2122,2022-11-25,16102
2123,2022-11-26,12183
2124,2022-11-27,12792
2125,2022-11-28,14645
2126,2022-11-29,13133
2127,2022-11-30,14151
2128,2022-12-01,12340
2129,2022-12-02,13113
2130,2022-12-03,11560
2131,2022-12-04,12155
2132,2022-12-05,13976
2133,2022-12-06,13553
2134,2022-12-07,13117
2135,2022-12-08,11755
2136,2022-12-09,12295
2137,2022-12-10,11568
2138,2022-12-11,11994
2139,2022-12-12,12733
2140,2022-12-13,13362
2141,2022-12-14,12475
2142,2022-12-15,11691
2143,2022-12-16,12237
2144,2022-12-17,11731
2145,2022-12-18,11616
2146,2022-12-19,13817
2147,2022-12-20,12946
2148,2022-12-21,13133
2149,2022-12-22,11457
2150,2022-12-23,10748
2151,2022-12-24,10820
2152,2022-12-25,9232
2153,2022-12-26,12295
2154,2022-12-27,14292
2155,2022-12-28,13746
2156,2022-12-29,12852
2157,2022-12-30,12584
2158,2022-12-31,13207
2159,2023-01-01,13447
2160,2023-01-02,13515
2161,2023-01-03,15535
2162,2023-01-04,15251
2163,2023-01-05,14293
2164,2023-01-06,14610
2165,2023-01-07,14043
2166,2023-01-08,14324
2167,2023-01-09,15834
2168,2023-01-10,15816
2169,2023-01-12,13895
2170,2023-01-13,13576
2171,2023-01-14,14244
2172,2023-01-15,13537
2173,2023-01-16,13773
2174,2023-01-17,16061
2175,2023-01-18,15354
2176,2023-01-19,13972
2177,2023-01-20,13234
2178,2023-01-21,14268
2179,2023-01-22,13881
2180,2023-01-23,14760
2181,2023-01-24,14907
2182,2023-01-25,15050
2183,2023-01-26,13794
2184,2023-01-27,14358
2185,2023-01-28,14278
2186,2023-01-29,14140
2187,2023-01-30,15597
2188,2023-01-31,15567
2189,2023-02-01,14973
2190,2023-02-02,14049
2191,2023-02-03,12585
2192,2023-02-04,13271
2193,2023-02-05,13324
2194,2023-02-06,16094
2195,2023-02-07,15212
2196,2023-02-08,14874
2197,2023-02-09,13188
2198,2023-02-10,13357
2199,2023-02-11,13584
2200,2023-02-12,12882
2201,2023-02-13,15397
2202,2023-02-14,14066
2203,2023-02-15,15205
2204,2023-02-16,13686
2205,2023-02-17,15235
2206,2023-02-18,13805
2207,2023-02-19,13780
2208,2023-02-20,13283
2209,2023-02-21,15149
2210,2023-02-22,14748
2211,2023-02-23,13067
2212,2023-02-24,13730
2213,2023-02-25,13818
2214,2023-02-26,14629
2215,2023-02-27,16194
2216,2023-02-28,15414
2217,2023-03-01,15458
2218,2023-03-02,14158
2219,2023-03-03,14348
2220,2023-03-04,13690
2221,2023-03-05,13667
2222,2023-03-06,16051
2223,2023-03-07,15158
2224,2023-03-08,15255
2225,2023-03-09,13442
2226,2023-03-10,14239
2227,2023-03-11,14057
2228,2023-03-12,13298
2229,2023-03-13,15039
2230,2023-03-14,14826
2231,2023-03-15,15018
2232,2023-03-16,13763
2233,2023-03-17,14310
2234,2023-03-18,12939
2235,2023-03-19,13887
2236,2023-03-20,15717
2237,2023-03-21,15809
2238,2023-03-22,14836
2239,2023-03-23,13896
2240,2023-03-24,14532
2241,2023-03-25,13631
2242,2023-03-26,13973
2243,2023-03-27,15770
2244,2023-03-28,15007
2245,2023-03-29,15089
2246,2023-03-30,13554
2247,2023-03-31,14038
2248,2023-04-01,11595
2249,2023-04-02,14065
2250,2023-04-03,15596
2251,2023-04-04,14924
2252,2023-04-05,14664
2253,2023-04-06,13602
2254,2023-04-07,13654
2255,2023-04-08,12840
2256,2023-04-09,11905
2257,2023-04-10,15532
2258,2023-04-11,15146
2259,2023-04-12,14700
2260,2023-04-13,12608
2261,2023-04-14,12143
2262,2023-04-16,10510
2263,2023-04-17,12835
2264,2023-04-18,15190
2265,2023-04-19,14394
2266,2023-04-20,12598
2267,2023-04-21,13581
2268,2023-04-22,12898
2269,2023-04-23,13957
2270,2023-04-24,15633
2271,2023-04-25,15499
2272,2023-04-26,14661
2273,2023-04-27,13083
2274,2023-04-28,14067
2275,2023-04-29,13324
2276,2023-04-30,13835
2277,2023-05-01,15337
2278,2023-05-02,15423
2279,2023-05-03,14517
2280,2023-05-04,12929
2281,2023-05-05,12180
2282,2023-05-06,12315
2283,2023-05-07,12418
2284,2023-05-08,15245
2285,2023-05-09,14687
2286,2023-05-10,13870
2287,2023-05-11,12434
2288,2023-05-12,13849
2289,2023-05-13,12296
2290,2023-05-14,12276
2291,2023-05-15,15084
2292,2023-05-16,14677
2293,2023-05-17,14532
2294,2023-05-18,12846
2295,2023-05-19,13435
2296,2023-05-20,12544
2297,2023-05-21,12282
2298,2023-05-22,15286
2299,2023-05-23,14890
2300,2023-05-24,18227
2301,2023-05-25,13089
2302,2023-05-26,12377
2303,2023-05-27,13038
2304,2023-05-28,11191
2305,2023-05-29,13098
2306,2023-05-30,15777
2307,2023-05-31,14839
2308,2023-06-01,13892
2309,2023-06-02,13971
2310,2023-06-03,13523
2311,2023-06-04,13837
2312,2023-06-05,15480
2313,2023-06-06,15223
2314,2023-06-07,14736
2315,2023-06-08,14348
2316,2023-06-09,14006
2317,2023-06-10,12872
2318,2023-06-11,13366
2319,2023-06-12,15646
2320,2023-06-13,15514
2321,2023-06-14,15114
2322,2023-06-15,13283
2323,2023-06-16,14585
2324,2023-06-17,14502
2325,2023-06-18,13108
2326,2023-06-19,14482
2327,2023-06-20,16010
2328,2023-06-21,15577
2329,2023-06-22,14936
2330,2023-06-23,14905
2331,2023-06-24,14135
2332,2023-06-25,13811
2333,2023-06-26,16426
2334,2023-06-27,16561
2335,2023-06-28,15661
2336,2023-06-29,14138
2337,2023-06-30,14941
2338,2023-07-01,12974
2339,2023-07-02,14744
2340,2023-07-03,15256
2341,2023-07-04,13330
2342,2023-07-05,16148
2343,2023-07-06,15078
2344,2023-07-07,14666
2345,2023-07-08,14498
2346,2023-07-09,14809
2347,2023-07-10,16761
2348,2023-07-11,16126
2349,2023-07-12,16072
2350,2023-07-13,14620
2351,2023-07-14,15258
2352,2023-07-15,14246
2353,2023-07-16,13632
2354,2023-07-17,16733
2355,2023-07-18,16016
2356,2023-07-19,16117
2357,2023-07-20,13907
2358,2023-07-21,15234
2359,2023-07-22,12969
2360,2023-07-23,14520
2361,2023-07-24,16648
2362,2023-07-25,15878
2363,2023-07-26,15892
2364,2023-07-27,14325
2365,2023-07-28,15076
2366,2023-07-29,14567
2367,2023-07-30,14206
2368,2023-07-31,16877
2369,2023-08-01,15982
2370,2023-08-02,16067
2371,2023-08-03,14904
2372,2023-08-04,15005
2373,2023-08-05,14054
2374,2023-08-06,14088
2375,2023-08-07,17074
2376,2023-08-08,16052
2377,2023-08-09,16050
2378,2023-08-10,14345
2379,2023-08-11,14749
2380,2023-08-12,13527
2381,2023-08-13,14613
2382,2023-08-14,16547
2383,2023-08-15,15779
2384,2023-08-16,15875
2385,2023-08-17,15482
2386,2023-08-18,15208
2387,2023-08-19,14549
2388,2023-08-20,14228
2389,2023-08-21,17028
2390,2023-08-22,16255
2391,2023-08-23,16094
2392,2023-08-24,14160
2393,2023-08-25,15169
2394,2023-08-26,14069
2395,2023-08-27,14141
2396,2023-08-28,16691
2397,2023-08-29,16107
2398,2023-08-30,15754
2399,2023-08-31,14637
2400,2023-09-01,14057
2401,2023-09-02,15095
2402,2023-09-03,13146
2403,2023-09-04,14504
2404,2023-09-05,16994
2405,2023-09-06,16537
2406,2023-09-07,14607
2407,2023-09-08,15355
2408,2023-09-09,14637
2409,2023-09-10,15183
2410,2023-09-11,17000
2411,2023-09-12,16613
2412,2023-09-13,16146
2413,2023-09-14,15146
2414,2023-09-15,14984
2415,2023-09-16,14668
2416,2023-09-17,14444
2417,2023-09-18,16626
2418,2023-09-19,16441
2419,2023-09-20,16014
2420,2023-09-21,14966
2421,2023-09-22,14191
2422,2023-09-23,14896
2423,2023-09-24,13657
2424,2023-09-25,16737
2425,2023-09-26,16585
2426,2023-09-27,16317
2427,2023-09-28,14640
2428,2023-09-29,15812
2429,2023-09-30,14619
2430,2023-10-01,14551
2431,2023-10-02,17270
2432,2023-10-03,16428
2433,2023-10-04,16323
2434,2023-10-05,14875
2435,2023-10-06,14032
2436,2023-10-07,15757
2437,2023-10-08,13735
2438,2023-10-09,14298
2439,2023-10-10,16606
2440,2023-10-11,16011
2441,2023-10-12,14531
2442,2023-10-13,14590
2443,2023-10-14,14343
2444,2023-10-15,14152
2445,2023-10-16,16935
2446,2023-10-17,16489
2447,2023-10-18,17276
2448,2023-10-19,14801
2449,2023-10-20,15089
2450,2023-10-21,14898
2451,2023-10-22,14734
2452,2023-10-23,16927
2453,2023-10-24,16980
2454,2023-10-25,16840
2455,2023-10-26,14609
2456,2023-10-27,13572
2457,2023-10-28,14119
2458,2023-10-29,15102
2459,2023-10-30,16849
2460,2023-10-31,15551
2461,2023-11-01,17329
2462,2023-11-02,14821
2463,2023-11-03,15321
2464,2023-11-04,14771
2465,2023-11-05,15375
2466,2023-11-06,17356
2467,2023-11-07,16962
2468,2023-11-08,15768
2469,2023-11-09,14554
2470,2023-11-10,16204
2471,2023-11-11,12542
2472,2023-11-12,14785
2473,2023-11-13,17316
2474,2023-11-14,16626
2475,2023-11-15,16848
2476,2023-11-16,15325
2477,2023-11-17,14773
2478,2023-11-18,14888
2479,2023-11-19,14847
2480,2023-11-20,16231
2481,2023-11-21,18348
2482,2023-11-22,15235
2483,2023-11-23,9560
2484,2023-11-24,14502
2485,2023-11-25,15047
2486,2023-11-26,15887
2487,2023-11-27,18031
2488,2023-11-28,17873
2489,2023-11-29,16127
2490,2023-11-30,15290
2491,2023-12-01,16306
2492,2023-12-02,14946
2493,2023-12-03,14651
2494,2023-12-04,17390
2495,2023-12-05,16695
2496,2023-12-06,16331
2497,2023-12-07,14401
2498,2023-12-08,15795
2499,2023-12-09,14751
2500,2023-12-10,14983
2501,2023-12-11,16169
2502,2023-12-12,16422
2503,2023-12-13,16186
2504,2023-12-14,14615
2505,2023-12-15,15294
2506,2023-12-16,14725
2507,2023-12-17,14673
2508,2023-12-18,16703
2509,2023-12-19,16651
2510,2023-12-20,16336
2511,2023-12-21,14927
2512,2023-12-22,13999
2513,2023-12-23,15512
2514,2023-12-24,11697
2515,2023-12-25,11947
2516,2023-12-26,17050
2517,2023-12-27,17957
2518,2023-12-28,16122
2519,2023-12-29,16708
2520,2023-12-30,17640
2521,2023-12-31,14141
2522,2024-01-01,17390
2523,2024-01-02,20912
2524,2024-01-03,19422
2525,2024-01-04,17980
2526,2024-01-05,17286
2527,2024-01-06,17484
2528,2024-01-07,17030
2529,2024-01-08,18460
2530,2024-01-09,18211
2531,2024-01-10,18482
2532,2024-01-11,17041
2533,2024-01-12,16060
2534,2024-01-13,17313
2535,2024-01-14,16043
2536,2024-01-15,15886
2537,2024-01-16,18795
2538,2024-01-17,18534
2539,2024-01-18,17135
2540,2024-01-19,16469
2541,2024-01-20,17831
2542,2024-01-21,17082
2543,2024-01-22,18994
2544,2024-01-23,18682
2545,2024-01-24,19128
2546,2024-01-25,17124
2547,2024-01-26,16883
2548,2024-01-27,17591
2549,2024-01-28,17219
2550,2024-01-29,19657
2551,2024-01-30,19161
2552,2024-01-31,19115
2553,2024-02-01,17591
2554,2024-02-02,16666
2555,2024-02-03,17097
2556,2024-02-04,16978
2557,2024-02-05,18517
2558,2024-02-06,18377
2559,2024-02-07,18766
2560,2024-02-08,16770
2561,2024-02-09,17118
2562,2024-02-10,16835
2563,2024-02-11,15615
2564,2024-02-12,18642
2565,2024-02-13,16809
2566,2024-02-14,18433
2567,2024-02-15,17330
2568,2024-02-16,16466
2569,2024-02-17,18839
2570,2024-02-18,16840
2571,2024-02-19,17041
2572,2024-02-20,19300
2573,2024-02-21,18961
2574,2024-02-22,16885
2575,2024-02-23,17413
2576,2024-02-24,17382
2577,2024-02-25,17423
2578,2024-02-26,19959
2579,2024-02-27,18615
2580,2024-02-28,19251
2581,2024-02-29,17236
2582,2024-03-01,17848
2583,2024-03-02,16866
2584,2024-03-03,16796
2585,2024-03-04,19661
2586,2024-03-05,19077
2587,2024-03-06,19713
2588,2024-03-07,17091
2589,2024-03-08,16236
2590,2024-03-09,16183
2591,2024-03-10,16342
2592,2024-03-11,19128
2593,2024-03-12,18731
2594,2024-03-13,18781
2595,2024-03-14,16506
2596,2024-03-15,17144
2597,2024-03-16,16601
2598,2024-03-17,16017
2599,2024-03-18,19296
2600,2024-03-19,18860
2601,2024-03-20,19365
2602,2024-03-21,16843
2603,2024-03-22,17127
2604,2024-03-23,16632
2605,2024-03-24,17298
2606,2024-03-25,19206
2607,2024-03-26,18367
2608,2024-03-27,18942
2609,2024-03-28,16468
2610,2024-03-29,17186
2611,2024-03-30,16024
2612,2024-03-31,15064
2613,2024-04-01,20832
2614,2024-04-02,18442
2615,2024-04-03,18806
2616,2024-04-04,16486
2617,2024-04-05,17127
2618,2024-04-06,17200
2619,2024-04-07,16308
2620,2024-04-08,17113
2621,2024-04-09,18156
2622,2024-04-10,18738
2623,2024-04-11,16726
2624,2024-04-12,15993
2625,2024-04-13,18010
2626,2024-04-14,15622
2627,2024-04-15,15081
2628,2024-04-16,18723
2629,2024-04-17,18897
2630,2024-04-18,16558
2631,2024-04-19,16558
2632,2024-04-20,16723
2633,2024-04-21,16823
2634,2024-04-22,18542
2635,2024-04-23,18626
2636,2024-04-24,19002
2637,2024-04-25,16539
2638,2024-04-26,16595
2639,2024-04-27,16146
2640,2024-04-28,16430
2641,2024-04-29,18488
2642,2024-04-30,18127
2643,2024-05-01,18579
2644,2024-05-02,16552
2645,2024-05-03,15513
2646,2024-05-04,16327
2647,2024-05-05,16155
2648,2024-05-06,18364
2649,2024-05-07,17593
2650,2024-05-08,17818
2651,2024-05-09,16373
2652,2024-05-10,16190
2653,2024-05-11,15281
2654,2024-05-12,15112
2655,2024-05-13,18413
2656,2024-05-14,17760
2657,2024-05-15,18236
2658,2024-05-16,16136
2659,2024-05-17,16373
2660,2024-05-18,15716
2661,2024-05-19,16722
2662,2024-05-20,18533
2663,2024-05-21,17835
2664,2024-05-22,17363
2665,2024-05-23,15879
2666,2024-05-24,14769
2667,2024-05-25,15299
2668,2024-05-26,13922
2669,2024-05-27,16378
2670,2024-05-28,18401
2671,2024-05-29,17451
2672,2024-05-30,16196
2673,2024-05-31,17046
2674,2024-06-01,15769
2675,2024-06-02,15597
2676,2024-06-03,18409
2677,2024-06-04,17794
2678,2024-06-05,17602
2679,2024-06-06,16114
2680,2024-06-07,16179
2681,2024-06-08,15093
2682,2024-06-09,15764
2683,2024-06-10,18539
2684,2024-06-11,20671
2685,2024-06-12,17261
2686,2024-06-13,15381
2687,2024-06-14,14960
2688,2024-06-15,15771
2689,2024-06-16,13657
2690,2024-06-17,18486
2691,2024-06-18,17094
2692,2024-06-19,15725
2693,2024-06-20,16197
2694,2024-06-21,16433
2695,2024-06-22,16116
2696,2024-06-23,15859
2697,2024-06-24,18476
2698,2024-06-25,17506
2699,2024-06-26,17420
2700,2024-06-27,18029
2701,2024-06-28,16995
2702,2024-06-29,16511
2703,2024-06-30,16332
2704,2024-07-01,17943
2705,2024-07-02,18972
2706,2024-07-03,16885
2707,2024-07-04,12440
2708,2024-07-05,16876
2709,2024-07-06,16726
2710,2024-07-07,16045
2711,2024-07-08,19578
2712,2024-07-09,18648
2713,2024-07-10,18706
2714,2024-07-11,16978
2715,2024-07-12,17411
2716,2024-07-13,16434
2717,2024-07-14,15470
2718,2024-07-15,18891
2719,2024-07-16,18076
2720,2024-07-17,18600
2721,2024-07-18,16962
2722,2024-07-19,16962
2723,2024-07-20,16534
2724,2024-07-21,16075
2725,2024-07-22,17250
2726,2024-07-23,18936
2727,2024-07-24,18723
2728,2024-07-25,16715
2729,2024-07-26,16406
2730,2024-07-27,15502
2731,2024-07-28,15032
2732,2024-07-29,18898
2733,2024-07-30,17754
2734,2024-07-31,18163
2735,2024-08-01,16378
2736,2024-08-02,16777
2737,2024-08-03,16091
2738,2024-08-04,16166
2739,2024-08-05,18483
2740,2024-08-06,18154
2741,2024-08-07,18574
2742,2024-08-08,16635
2743,2024-08-09,17169
2744,2024-08-10,16078
2745,2024-08-11,16437
2746,2024-08-12,18562
2747,2024-08-13,18475
2748,2024-08-14,18985
2749,2024-08-15,16761
2750,2024-08-16,16987
2751,2024-08-17,16297
2752,2024-08-18,16868
2753,2024-08-19,18680
2754,2024-08-20,18159
2755,2024-08-21,18106
2756,2024-08-22,16458
2757,2024-08-23,16592
2758,2024-08-24,15870
2759,2024-08-25,16650
2760,2024-08-26,18787
2761,2024-08-27,17825
2762,2024-08-28,18195
2763,2024-08-29,16448
2764,2024-08-30,15817
2765,2024-08-31,17667
2766,2024-09-01,15118
2767,2024-09-02,16793
2768,2024-09-03,19006
2769,2024-09-04,18265
2770,2024-09-05,16870
2771,2024-09-06,17154
2772,2024-09-07,16695
2773,2024-09-08,16664
2774,2024-09-09,18846
2775,2024-09-10,17880
2776,2024-09-11,17981
2777,2024-09-12,16690
2778,2024-09-13,16742
2779,2024-09-14,16164
2780,2024-09-15,15947
2781,2024-09-16,18665
2782,2024-09-17,18004
2783,2024-09-18,17967
2784,2024-09-19,17198
2785,2024-09-20,15871
2786,2024-09-21,16948
2787,2024-09-22,16244
2788,2024-09-23,18951
2789,2024-09-24,18252
2790,2024-09-25,18964
2791,2024-09-26,16549
2792,2024-09-27,17012
2793,2024-09-28,15634
2794,2024-09-29,16415
2795,2024-09-30,18936
2796,2024-10-01,17965
2797,2024-10-02,19279
2798,2024-10-03,17323
2799,2024-10-04,17291
2800,2024-10-05,16083
2801,2024-10-06,16199
2802,2024-10-07,19314
2803,2024-10-08,18470
2804,2024-10-09,18819
2805,2024-10-10,17021
2806,2024-10-11,15934
2807,2024-10-12,16807
2808,2024-10-13,16013
2809,2024-10-14,16945
2810,2024-10-15,19612
2811,2024-10-16,19119
2812,2024-10-17,16794
2813,2024-10-18,17291
2814,2024-10-19,15779
2815,2024-10-20,15956
2816,2024-10-21,19692
2817,2024-10-22,18745
2818,2024-10-23,18622
2819,2024-10-24,17298
2820,2024-10-25,16928
2821,2024-10-26,16178
2822,2024-10-27,16328
2823,2024-10-28,19297
2824,2024-10-29,18618
2825,2024-10-30,18045
2826,2024-10-31,14908
2827,2024-11-01,16634
2828,2024-11-02,17219
2829,2024-11-03,17254
2830,2024-11-04,19336
2831,2024-11-05,17552
2832,2024-11-06,19003
2833,2024-11-07,17721
2834,2024-11-08,17458
2835,2024-11-09,18678
2836,2024-11-10,17216
2837,2024-11-11,17535
2838,2024-11-12,20032
2839,2024-11-13,19566
2840,2024-11-14,18281
2841,2024-11-15,18606
2842,2024-11-16,17065
2843,2024-11-17,17465
2844,2024-11-18,19858
2845,2024-11-19,19576
2846,2024-11-20,20165
2847,2024-11-21,17368
2848,2024-11-22,17894
2849,2024-11-23,17254
2850,2024-11-24,15199
2851,2024-11-25,18723
2852,2024-11-26,20664
2853,2024-11-27,17656
2854,2024-11-28,11104
2855,2024-11-29,15576
2856,2024-11-30,17724
2857,2024-12-01,17771
2858,2024-12-02,19542
2859,2024-12-03,19630
2860,2024-12-04,19712
2861,2024-12-05,17072
2862,2024-12-06,17336
2863,2024-12-07,16731
2864,2024-12-08,16325
2865,2024-12-09,19367
2866,2024-12-10,18817
2867,2024-12-11,18163
2868,2024-12-12,16918
2869,2024-12-13,17531
2870,2024-12-14,16478
2871,2024-12-15,16274
2872,2024-12-16,18386
2873,2024-12-17,19183
2874,2024-12-18,19198
2875,2024-12-19,16887
2876,2024-12-20,16459
2877,2024-12-21,15159
2878,2024-12-22,14400
2879,2024-12-23,18772
2880,2024-12-24,13974
2881,2024-12-25,13243
2882,2024-12-26,17524
2883,2024-12-27,18623
2884,2024-12-28,17192
2885,2024-12-29,18691
2886,2024-12-30,20680
2887,2024-12-31,18198
2888,2025-01-01,19602
2889,2025-01-02,20843
2890,2025-01-03,21141
2891,2025-01-04,19926
2892,2025-01-05,19199
2893,2025-01-06,21013
2894,2025-01-07,20497
2895,2025-01-08,21374
2896,2025-01-09,18970
2897,2025-01-10,19460
2898,2025-01-11,17979
2899,2025-01-12,18093
2900,2025-01-13,21746
2901,2025-01-14,20589
2902,2025-01-15,20288
2903,2025-01-16,19819
2904,2025-01-17,18268
2905,2025-01-18,19524
2906,2025-01-19,17855
2907,2025-01-20,18768
2908,2025-01-21,20913
2909,2025-01-22,21827
2910,2025-01-23,19037
2911,2025-01-24,19435
2912,2025-01-25,19595
2913,2025-01-26,19093
2914,2025-01-27,21240
2915,2025-01-28,20409
2916,2025-01-29,21351
2917,2025-01-30,19440
2918,2025-01-31,19887
2919,2025-02-01,18992
2920,2025-02-02,18418
2921,2025-02-03,21054
2922,2025-02-04,20844
2923,2025-02-05,21285
2924,2025-02-06,18740
2925,2025-02-07,18781
2926,2025-02-08,19217
2927,2025-02-09,17410
2928,2025-02-10,20932
2929,2025-02-11,20623
2930,2025-02-12,21591
2931,2025-02-13,18438
2932,2025-02-14,16992
2933,2025-02-15,20144
2934,2025-02-16,18353
2935,2025-02-17,18510
2936,2025-02-18,20829
2937,2025-02-19,21142
2938,2025-02-20,18638
2939,2025-02-21,19568
2940,2025-02-22,19247
2941,2025-02-23,19211
2942,2025-02-24,21528
2943,2025-02-25,21073
2944,2025-02-26,22035
2945,2025-02-27,19272
2946,2025-02-28,19304
2947,2025-03-01,19022
2948,2025-03-02,18434
2949,2025-03-03,20880
2950,2025-03-04,20525
2951,2025-03-05,21875
2952,2025-03-06,19370
2953,2025-03-07,18294
2954,2025-03-08,19568
2955,2025-03-09,18366
2956,2025-03-10,20987
2957,2025-03-11,20028
2958,2025-03-12,21404
2959,2025-03-13,18925
2960,2025-03-14,16778
2961,2025-03-15,18548
2962,2025-03-16,18099
2963,2025-03-17,20613
2964,2025-03-18,21239
2965,2025-03-19,22453
2966,2025-03-20,19388
2967,2025-03-21,19363
2968,2025-03-22,18833
2969,2025-03-23,18771
2970,2025-03-24,20782
2971,2025-03-25,20892
2972,2025-03-26,21510
2973,2025-03-27,18864
2974,2025-03-28,18549
2975,2025-03-29,18950
2976,2025-03-30,18803
2977,2025-03-31,21745
2978,2025-04-01,20046
2979,2025-04-02,21687
2980,2025-04-03,19418
2981,2025-04-04,18556
2982,2025-04-05,18315
2983,2025-04-06,18359
2984,2025-04-07,21321
2985,2025-04-08,20668
2986,2025-04-09,20456
2987,2025-04-10,19547
2988,2025-04-11,19127
2989,2025-04-12,18616
2990,2025-04-13,18517
2991,2025-04-14,21070
2992,2025-04-15,20372
2993,2025-04-16,21685
2994,2025-04-17,18219
2995,2025-04-18,16777
2996,2025-04-19,17943
2997,2025-04-21,14072
2998,2025-04-22,21144
2999,2025-04-23,20589
3000,2025-04-24,18258
3001,2025-04-25,18571
3002,2025-04-26,18681
3003,2025-04-27,18633
3004,2025-04-28,20805
3005,2025-04-29,20075
3006,2025-04-30,21243
3007,2025-05-01,18656
3008,2025-05-02,18375
3009,2025-05-03,16992
3010,2025-05-04,17714
3011,2025-05-05,20719
3012,2025-05-06,20077
3013,2025-05-07,21352
3014,2025-05-08,18447
3015,2025-05-09,17924
3016,2025-05-10,18767
3017,2025-05-11,16599
3018,2025-05-12,21007
3019,2025-05-13,20567
3020,2025-05-14,21984
3021,2025-05-15,18773
3022,2025-05-16,19229
3023,2025-05-17,17926
3024,2025-05-18,17806
3025,2025-05-19,21375
3026,2025-05-20,20841
3027,2025-05-21,22026
3028,2025-05-22,19343
3029,2025-05-23,18064
3030,2025-05-24,19372
3031,2025-05-25,16303
3032,2025-05-26,17873
3033,2025-05-27,21778
3034,2025-05-28,21971
3035,2025-05-29,19771
3036,2025-05-30,19655
3037,2025-05-31,19044
3038,2025-06-01,18895
3039,2025-06-02,21625
3040,2025-06-03,21082
3041,2025-06-04,22365
3042,2025-06-05,18711
3043,2025-06-06,18799
3044,2025-06-07,19035
3045,2025-06-08,18409
3046,2025-06-09,20969
3047,2025-06-10,20681
3048,2025-06-11,20919
3049,2025-06-12,18274
3050,2025-06-13,17090
3051,2025-06-14,18080
3052,2025-06-15,17148
3053,2025-06-16,20114
3054,2025-06-17,21125
3055,2025-06-18,21245
3056,2025-06-19,13616
3057,2025-06-20,20420
3058,2025-06-21,18029
3059,2025-06-22,18408
3060,2025-06-23,20960
3061,2025-06-24,20009
3062,2025-06-25,21126
3063,2025-06-26,19356
3064,2025-06-27,19650
3065,2025-06-28,19313
3066,2025-06-29,18418
3067,2025-06-30,21796
